,Postcode District,Bedroom Category,Count of rents,Mean
1,BR1,0,10,706
2,BR1,1,120,"1,033"
3,BR1,2,230,"1,238"
4,BR1,3,90,"1,484"
5,BR1,4,40,"2,487"
7,BR2,0,-,..
8,BR2,1,80,982
9,BR2,2,200,"1,259"
10,BR2,3,70,"1,578"
11,BR2,4,40,"2,238"
13,BR3,0,10,719
14,BR3,1,130,970
15,BR3,2,150,"1,262"
16,BR3,3,50,"1,666"
17,BR3,4,20,"2,359"
19,BR4,0,10,671
20,BR4,1,10,946
21,BR4,2,10,"1,113"
22,BR4,3,10,"1,780"
23,BR4,4,10,"1,992"
25,BR5,0,0,.
26,BR5,1,30,899
27,BR5,2,100,"1,092"
28,BR5,3,90,"1,442"
29,BR5,4,40,"1,961"
31,BR6,0,20,665
32,BR6,1,70,947
33,BR6,2,100,"1,200"
34,BR6,3,100,"1,438"
35,BR6,4,60,"2,146"
37,BR7,0,0,.
38,BR7,1,40,941
39,BR7,2,90,"1,261"
40,BR7,3,50,"1,715"
41,BR7,4,30,"2,611"
43,BR8,0,0,.
44,BR8,1,0,.
45,BR8,2,-,..
46,BR8,3,0,.
47,BR8,4,0,.
49,CM13,0,0,.
50,CM13,1,0,.
51,CM13,2,0,.
52,CM13,3,0,.
53,CM13,4,0,.
55,CM14,0,0,.
56,CM14,1,0,.
57,CM14,2,0,.
58,CM14,3,0,.
59,CM14,4,0,.
61,CM23,0,0,.
62,CM23,1,0,.
63,CM23,2,0,.
64,CM23,3,0,.
65,CM23,4,0,.
67,CR0,0,50,745
68,CR0,1,350,944
69,CR0,2,370,"1,188"
70,CR0,3,90,"1,397"
71,CR0,4,30,"2,074"
73,CR2,0,10,683
74,CR2,1,50,894
75,CR2,2,100,"1,150"
76,CR2,3,30,"1,452"
77,CR2,4,10,"1,783"
79,CR3,0,0,.
80,CR3,1,0,.
81,CR3,2,0,.
82,CR3,3,-,..
83,CR3,4,-,..
85,CR4,0,10,771
86,CR4,1,30,984
87,CR4,2,60,"1,199"
88,CR4,3,30,"1,524"
89,CR4,4,20,"1,932"
91,CR44,0,0,.
92,CR44,1,0,.
93,CR44,2,0,.
94,CR44,3,0,.
95,CR44,4,0,.
97,CR5,0,-,..
98,CR5,1,-,..
99,CR5,2,10,"1,185"
100,CR5,3,20,"1,386"
101,CR5,4,10,"2,057"
103,CR6,0,0,.
104,CR6,1,0,.
105,CR6,2,-,..
106,CR6,3,0,.
107,CR6,4,0,.
109,CR7,0,40,670
110,CR7,1,60,895
111,CR7,2,40,"1,151"
112,CR7,3,40,"1,439"
113,CR7,4,10,"1,721"
115,CR8,0,30,728
116,CR8,1,30,836
117,CR8,2,70,"1,155"
118,CR8,3,30,"1,385"
119,CR8,4,30,"2,038"
121,CR9,0,0,.
122,CR9,1,0,.
123,CR9,2,0,.
124,CR9,3,0,.
125,CR9,4,0,.
127,CR90,0,0,.
128,CR90,1,0,.
129,CR90,2,0,.
130,CR90,3,0,.
131,CR90,4,0,.
133,DA1,0,10,596
134,DA1,1,30,676
135,DA1,2,20,"1,047"
136,DA1,3,20,"1,220"
137,DA1,4,10,"1,540"
139,DA14,0,0,.
140,DA14,1,10,886
141,DA14,2,50,"1,097"
142,DA14,3,10,"1,278"
143,DA14,4,10,"1,640"
145,DA15,0,0,.
146,DA15,1,10,845
147,DA15,2,10,"1,181"
148,DA15,3,10,"1,310"
149,DA15,4,10,"1,725"
151,DA16,0,-,..
152,DA16,1,10,913
153,DA16,2,30,"1,139"
154,DA16,3,30,"1,338"
155,DA16,4,10,"1,554"
157,DA17,0,0,.
158,DA17,1,10,818
159,DA17,2,30,"1,066"
160,DA17,3,20,"1,262"
161,DA17,4,-,..
163,DA18,0,0,.
164,DA18,1,-,..
165,DA18,2,-,..
166,DA18,3,10,"1,139"
167,DA18,4,10,"1,331"
169,DA5,0,0,.
170,DA5,1,10,"1,063"
171,DA5,2,20,"1,161"
172,DA5,3,10,"1,412"
173,DA5,4,10,"1,983"
175,DA6,0,10,733
176,DA6,1,20,847
177,DA6,2,20,"1,161"
178,DA6,3,10,"1,309"
179,DA6,4,0,.
181,DA7,0,-,..
182,DA7,1,-,..
183,DA7,2,50,"1,033"
184,DA7,3,30,"1,380"
185,DA7,4,10,"1,561"
187,DA8,0,10,659
188,DA8,1,20,787
189,DA8,2,50,"1,032"
190,DA8,3,20,"1,186"
191,DA8,4,10,"1,515"
193,E1,0,30,"1,447"
194,E1,1,160,"1,677"
195,E1,2,170,"2,155"
196,E1,3,70,"2,396"
197,E1,4,30,"2,842"
199,E10,0,20,786
200,E10,1,70,"1,045"
201,E10,2,100,"1,330"
202,E10,3,50,"1,653"
203,E10,4,20,"2,095"
205,E11,0,20,762
206,E11,1,110,"1,076"
207,E11,2,210,"1,328"
208,E11,3,60,"1,686"
209,E11,4,50,"2,258"
211,E12,0,-,..
212,E12,1,30,"1,021"
213,E12,2,50,"1,262"
214,E12,3,50,"1,535"
215,E12,4,10,"2,021"
217,E13,0,-,..
218,E13,1,70,"1,097"
219,E13,2,80,"1,313"
220,E13,3,50,"1,633"
221,E13,4,30,"1,949"
223,E14,0,50,"1,405"
224,E14,1,260,"1,519"
225,E14,2,310,"1,911"
226,E14,3,120,"2,386"
227,E14,4,20,"2,424"
229,E15,0,10,922
230,E15,1,150,"1,231"
231,E15,2,210,"1,466"
232,E15,3,90,"1,731"
233,E15,4,30,"2,157"
235,E16,0,20,"1,182"
236,E16,1,140,"1,278"
237,E16,2,250,"1,544"
238,E16,3,80,"1,843"
239,E16,4,10,"2,258"
241,E17,0,40,850
242,E17,1,210,"1,106"
243,E17,2,290,"1,349"
244,E17,3,120,"1,694"
245,E17,4,60,"2,109"
247,E18,0,10,802
248,E18,1,60,"1,080"
249,E18,2,110,"1,324"
250,E18,3,30,"1,571"
251,E18,4,20,"2,281"
253,E1W,0,20,"1,340"
254,E1W,1,90,"1,577"
255,E1W,2,130,"2,001"
256,E1W,3,20,"2,874"
257,E1W,4,10,"3,406"
259,E2,0,20,"1,412"
260,E2,1,130,"1,460"
261,E2,2,130,"1,847"
262,E2,3,50,"2,348"
263,E2,4,30,"2,957"
265,E20,0,0,.
266,E20,1,-,..
267,E20,2,-,..
268,E20,3,-,..
269,E20,4,0,.
271,E3,0,30,"1,215"
272,E3,1,200,"1,319"
273,E3,2,240,"1,592"
274,E3,3,100,"2,125"
275,E3,4,40,"2,698"
277,E4,0,-,..
278,E4,1,90,990
279,E4,2,140,"1,219"
280,E4,3,60,"1,500"
281,E4,4,20,"1,837"
283,E5,0,10,900
284,E5,1,40,"1,302"
285,E5,2,50,"1,659"
286,E5,3,10,"2,092"
287,E5,4,10,"3,111"
289,E6,0,0,.
290,E6,1,40,"1,004"
291,E6,2,60,"1,248"
292,E6,3,30,"1,578"
293,E6,4,20,"1,921"
295,E7,0,10,786
296,E7,1,30,"1,044"
297,E7,2,60,"1,278"
298,E7,3,50,"1,610"
299,E7,4,30,"1,949"
301,E77,0,0,.
302,E77,1,0,.
303,E77,2,0,.
304,E77,3,0,.
305,E77,4,0,.
307,E8,0,20,"1,416"
308,E8,1,80,"1,531"
309,E8,2,150,"1,723"
310,E8,3,50,"2,476"
311,E8,4,10,"3,207"
313,E9,0,-,..
314,E9,1,40,"1,444"
315,E9,2,40,"1,738"
316,E9,3,30,"2,236"
317,E9,4,10,"2,641"
319,E98,0,0,.
320,E98,1,0,.
321,E98,2,0,.
322,E98,3,0,.
323,E98,4,0,.
325,EC1A,0,-,..
326,EC1A,1,20,"2,022"
327,EC1A,2,10,"3,280"
328,EC1A,3,-,..
329,EC1A,4,0,.
331,EC1M,0,10,"1,250"
332,EC1M,1,10,"1,841"
333,EC1M,2,20,"2,584"
334,EC1M,3,-,..
335,EC1M,4,0,.
337,EC1N,0,-,..
338,EC1N,1,-,..
339,EC1N,2,20,"2,533"
340,EC1N,3,-,..
341,EC1N,4,0,.
343,EC1P,0,0,.
344,EC1P,1,0,.
345,EC1P,2,0,.
346,EC1P,3,0,.
347,EC1P,4,0,.
349,EC1R,0,0,.
350,EC1R,1,20,"1,825"
351,EC1R,2,20,"2,320"
352,EC1R,3,-,..
353,EC1R,4,0,.
355,EC1V,0,10,"1,500"
356,EC1V,1,70,"1,948"
357,EC1V,2,90,"2,619"
358,EC1V,3,20,"3,177"
359,EC1V,4,10,"3,785"
361,EC1Y,0,-,..
362,EC1Y,1,10,"1,959"
363,EC1Y,2,20,"2,742"
364,EC1Y,3,-,..
365,EC1Y,4,0,.
367,EC2A,0,10,"1,493"
368,EC2A,1,20,"1,804"
369,EC2A,2,10,"2,858"
370,EC2A,3,-,..
371,EC2A,4,0,.
373,EC2M,0,-,..
374,EC2M,1,-,..
375,EC2M,2,0,.
376,EC2M,3,0,.
377,EC2M,4,0,.
379,EC2N,0,0,.
380,EC2N,1,0,.
381,EC2N,2,0,.
382,EC2N,3,0,.
383,EC2N,4,0,.
385,EC2P,0,0,.
386,EC2P,1,0,.
387,EC2P,2,0,.
388,EC2P,3,0,.
389,EC2P,4,0,.
391,EC2R,0,0,.
392,EC2R,1,0,.
393,EC2R,2,0,.
394,EC2R,3,0,.
395,EC2R,4,0,.
397,EC2V,0,0,.
398,EC2V,1,0,.
399,EC2V,2,0,.
400,EC2V,3,0,.
401,EC2V,4,0,.
403,EC2Y,0,10,"2,154"
404,EC2Y,1,10,"2,486"
405,EC2Y,2,10,"2,679"
406,EC2Y,3,0,.
407,EC2Y,4,-,..
409,EC3A,0,0,.
410,EC3A,1,0,.
411,EC3A,2,0,.
412,EC3A,3,0,.
413,EC3A,4,0,.
415,EC3B,0,0,.
416,EC3B,1,0,.
417,EC3B,2,0,.
418,EC3B,3,0,.
419,EC3B,4,0,.
421,EC3M,0,0,.
422,EC3M,1,0,.
423,EC3M,2,0,.
424,EC3M,3,0,.
425,EC3M,4,0,.
427,EC3N,0,0,.
428,EC3N,1,-,..
429,EC3N,2,0,.
430,EC3N,3,0,.
431,EC3N,4,0,.
433,EC3P,0,0,.
434,EC3P,1,0,.
435,EC3P,2,0,.
436,EC3P,3,0,.
437,EC3P,4,0,.
439,EC3R,0,-,..
440,EC3R,1,0,.
441,EC3R,2,-,..
442,EC3R,3,0,.
443,EC3R,4,0,.
445,EC3V,0,0,.
446,EC3V,1,0,.
447,EC3V,2,0,.
448,EC3V,3,0,.
449,EC3V,4,0,.
451,EC4A,0,-,..
452,EC4A,1,-,..
453,EC4A,2,-,..
454,EC4A,3,0,.
455,EC4A,4,0,.
457,EC4M,0,0,.
458,EC4M,1,-,..
459,EC4M,2,-,..
460,EC4M,3,0,.
461,EC4M,4,0,.
463,EC4N,0,0,.
464,EC4N,1,0,.
465,EC4N,2,0,.
466,EC4N,3,0,.
467,EC4N,4,0,.
469,EC4P,0,0,.
470,EC4P,1,0,.
471,EC4P,2,0,.
472,EC4P,3,0,.
473,EC4P,4,0,.
475,EC4R,0,0,.
476,EC4R,1,0,.
477,EC4R,2,0,.
478,EC4R,3,0,.
479,EC4R,4,0,.
481,EC4V,0,0,.
482,EC4V,1,-,..
483,EC4V,2,0,.
484,EC4V,3,-,..
485,EC4V,4,0,.
487,EC4Y,0,0,.
488,EC4Y,1,-,..
489,EC4Y,2,-,..
490,EC4Y,3,0,.
491,EC4Y,4,0,.
493,EC50,0,0,.
494,EC50,1,0,.
495,EC50,2,0,.
496,EC50,3,0,.
497,EC50,4,0,.
499,EC88,0,0,.
500,EC88,1,0,.
501,EC88,2,0,.
502,EC88,3,0,.
503,EC88,4,0,.
505,EN1,0,10,877
506,EN1,1,50,"1,002"
507,EN1,2,70,"1,273"
508,EN1,3,40,"1,552"
509,EN1,4,10,"1,908"
511,EN2,0,10,760
512,EN2,1,30,"1,027"
513,EN2,2,80,"1,315"
514,EN2,3,20,"1,809"
515,EN2,4,20,"2,052"
517,EN3,0,10,826
518,EN3,1,10,994
519,EN3,2,20,"1,299"
520,EN3,3,10,"1,414"
521,EN3,4,10,"1,728"
523,EN4,0,10,859
524,EN4,1,40,"1,014"
525,EN4,2,80,"1,249"
526,EN4,3,40,"1,990"
527,EN4,4,20,"3,318"
529,EN5,0,10,802
530,EN5,1,60,"1,051"
531,EN5,2,90,"1,298"
532,EN5,3,40,"1,730"
533,EN5,4,20,"2,695"
535,EN6,0,0,.
536,EN6,1,0,.
537,EN6,2,0,.
538,EN6,3,0,.
539,EN6,4,0,.
541,EN7,0,0,.
542,EN7,1,0,.
543,EN7,2,0,.
544,EN7,3,0,.
545,EN7,4,0,.
547,EN8,0,0,.
548,EN8,1,0,.
549,EN8,2,0,.
550,EN8,3,0,.
551,EN8,4,0,.
553,EN9,0,0,.
554,EN9,1,0,.
555,EN9,2,0,.
556,EN9,3,0,.
557,EN9,4,0,.
559,HA0,0,30,844
560,HA0,1,60,"1,094"
561,HA0,2,70,"1,370"
562,HA0,3,40,"1,670"
563,HA0,4,30,"2,153"
565,HA1,0,80,"1,000"
566,HA1,1,160,"1,152"
567,HA1,2,200,"1,354"
568,HA1,3,60,"1,608"
569,HA1,4,30,"2,253"
571,HA2,0,30,795
572,HA2,1,80,"1,052"
573,HA2,2,120,"1,256"
574,HA2,3,110,"1,571"
575,HA2,4,30,"1,875"
577,HA3,0,50,785
578,HA3,1,100,986
579,HA3,2,180,"1,261"
580,HA3,3,220,"1,621"
581,HA3,4,120,"2,050"
583,HA4,0,-,..
584,HA4,1,40,"1,028"
585,HA4,2,80,"1,266"
586,HA4,3,20,"1,495"
587,HA4,4,10,"2,070"
589,HA5,0,10,741
590,HA5,1,40,"1,035"
591,HA5,2,120,"1,295"
592,HA5,3,40,"1,663"
593,HA5,4,50,"2,554"
595,HA6,0,20,790
596,HA6,1,80,997
597,HA6,2,140,"1,317"
598,HA6,3,60,"1,715"
599,HA6,4,40,"2,476"
601,HA7,0,10,793
602,HA7,1,50,"1,191"
603,HA7,2,100,"1,418"
604,HA7,3,70,"1,691"
605,HA7,4,30,"2,187"
607,HA8,0,10,806
608,HA8,1,60,"1,064"
609,HA8,2,120,"1,333"
610,HA8,3,100,"1,645"
611,HA8,4,60,"2,175"
613,HA9,0,30,912
614,HA9,1,100,"1,164"
615,HA9,2,150,"1,413"
616,HA9,3,60,"1,675"
617,HA9,4,40,"2,122"
619,IG1,0,10,810
620,IG1,1,70,931
621,IG1,2,80,"1,226"
622,IG1,3,40,"1,504"
623,IG1,4,20,"2,115"
625,IG11,0,10,750
626,IG11,1,140,"1,017"
627,IG11,2,150,"1,227"
628,IG11,3,90,"1,505"
629,IG11,4,20,"1,677"
631,IG2,0,10,770
632,IG2,1,40,"1,032"
633,IG2,2,60,"1,260"
634,IG2,3,30,"1,589"
635,IG2,4,10,"1,856"
637,IG3,0,10,727
638,IG3,1,40,919
639,IG3,2,40,"1,191"
640,IG3,3,30,"1,537"
641,IG3,4,20,"1,836"
643,IG4,0,-,..
644,IG4,1,10,"1,013"
645,IG4,2,10,"1,224"
646,IG4,3,-,..
647,IG4,4,10,"1,969"
649,IG5,0,-,..
650,IG5,1,0,.
651,IG5,2,10,"1,119"
652,IG5,3,10,"1,514"
653,IG5,4,10,"1,936"
655,IG6,0,-,..
656,IG6,1,30,980
657,IG6,2,40,"1,188"
658,IG6,3,60,"1,514"
659,IG6,4,10,"1,915"
661,IG7,0,0,.
662,IG7,1,10,957
663,IG7,2,10,"1,207"
664,IG7,3,10,"1,442"
665,IG7,4,-,..
667,IG8,0,-,..
668,IG8,1,20,"1,007"
669,IG8,2,70,"1,341"
670,IG8,3,50,"1,616"
671,IG8,4,20,"2,299"
673,IG9,0,0,.
674,IG9,1,10,"1,009"
675,IG9,2,-,..
676,IG9,3,0,.
677,IG9,4,-,..
679,KT1,0,10,916
680,KT1,1,70,"1,133"
681,KT1,2,130,"1,401"
682,KT1,3,40,"1,587"
683,KT1,4,30,"2,260"
685,KT17,0,0,.
686,KT17,1,0,.
687,KT17,2,0,.
688,KT17,3,0,.
689,KT17,4,0,.
691,KT18,0,0,.
692,KT18,1,0,.
693,KT18,2,0,.
694,KT18,3,0,.
695,KT18,4,0,.
697,KT19,0,0,.
698,KT19,1,0,.
699,KT19,2,0,.
700,KT19,3,0,.
701,KT19,4,0,.
703,KT2,0,10,867
704,KT2,1,80,"1,137"
705,KT2,2,160,"1,432"
706,KT2,3,40,"1,848"
707,KT2,4,30,"2,899"
709,KT22,0,0,.
710,KT22,1,0,.
711,KT22,2,0,.
712,KT22,3,0,.
713,KT22,4,0,.
715,KT3,0,-,..
716,KT3,1,20,"1,077"
717,KT3,2,40,"1,279"
718,KT3,3,30,"1,687"
719,KT3,4,10,"2,383"
721,KT4,0,0,.
722,KT4,1,20,"1,045"
723,KT4,2,30,"1,364"
724,KT4,3,20,"1,637"
725,KT4,4,10,"2,206"
727,KT5,0,10,834
728,KT5,1,10,"1,015"
729,KT5,2,20,"1,289"
730,KT5,3,10,"1,714"
731,KT5,4,10,"2,593"
733,KT6,0,10,777
734,KT6,1,40,"1,052"
735,KT6,2,60,"1,313"
736,KT6,3,20,"1,473"
737,KT6,4,10,"2,793"
739,KT7,0,0,.
740,KT7,1,0,.
741,KT7,2,0,.
742,KT7,3,0,.
743,KT7,4,0,.
745,KT8,0,-,..
746,KT8,1,-,..
747,KT8,2,-,..
748,KT8,3,0,.
749,KT8,4,0,.
751,KT9,0,0,.
752,KT9,1,-,..
753,KT9,2,10,"1,137"
754,KT9,3,10,"1,555"
755,KT9,4,-,..
757,N1,0,30,"1,274"
758,N1,1,260,"1,687"
759,N1,2,290,"2,133"
760,N1,3,90,"2,688"
761,N1,4,20,"3,310"
763,N10,0,20,827
764,N10,1,80,"1,298"
765,N10,2,130,"1,601"
766,N10,3,60,"1,920"
767,N10,4,40,"2,149"
769,N11,0,10,806
770,N11,1,80,"1,183"
771,N11,2,140,"1,420"
772,N11,3,30,"1,732"
773,N11,4,10,"2,416"
775,N12,0,20,872
776,N12,1,60,"1,157"
777,N12,2,80,"1,393"
778,N12,3,30,"1,778"
779,N12,4,10,"2,348"
781,N13,0,30,824
782,N13,1,40,"1,045"
783,N13,2,60,"1,356"
784,N13,3,20,"1,621"
785,N13,4,10,"2,138"
787,N14,0,10,871
788,N14,1,30,"1,111"
789,N14,2,70,"1,353"
790,N14,3,20,"1,735"
791,N14,4,20,"2,261"
793,N15,0,20,943
794,N15,1,20,"1,169"
795,N15,2,30,"1,376"
796,N15,3,10,"1,659"
797,N15,4,10,"2,205"
799,N16,0,20,931
800,N16,1,120,"1,334"
801,N16,2,110,"1,631"
802,N16,3,40,"2,317"
803,N16,4,20,"2,960"
805,N17,0,10,692
806,N17,1,10,"1,080"
807,N17,2,20,"1,402"
808,N17,3,10,"1,772"
809,N17,4,10,"1,929"
811,N18,0,10,736
812,N18,1,10,"1,072"
813,N18,2,20,"1,290"
814,N18,3,10,"1,342"
815,N18,4,-,..
817,N19,0,30,"1,035"
818,N19,1,120,"1,405"
819,N19,2,110,"1,665"
820,N19,3,70,"2,229"
821,N19,4,40,"2,902"
823,N1C,0,-,..
824,N1C,1,-,..
825,N1C,2,-,..
826,N1C,3,0,.
827,N1C,4,0,.
829,N1P,0,0,.
830,N1P,1,0,.
831,N1P,2,0,.
832,N1P,3,0,.
833,N1P,4,0,.
835,N2,0,10,"1,002"
836,N2,1,50,"1,222"
837,N2,2,110,"1,533"
838,N2,3,50,"1,824"
839,N2,4,30,"3,783"
841,N20,0,-,..
842,N20,1,30,"1,182"
843,N20,2,60,"1,453"
844,N20,3,30,"1,892"
845,N20,4,30,"2,250"
847,N21,0,-,..
848,N21,1,10,"1,098"
849,N21,2,20,"1,341"
850,N21,3,10,"1,690"
851,N21,4,10,"1,993"
853,N22,0,20,866
854,N22,1,40,"1,178"
855,N22,2,60,"1,415"
856,N22,3,40,"1,762"
857,N22,4,20,"2,174"
859,N3,0,10,854
860,N3,1,30,"1,162"
861,N3,2,100,"1,388"
862,N3,3,20,"1,968"
863,N3,4,10,"2,690"
865,N4,0,40,"1,018"
866,N4,1,150,"1,324"
867,N4,2,160,"1,638"
868,N4,3,60,"2,176"
869,N4,4,20,"2,796"
871,N5,0,10,"1,016"
872,N5,1,70,"1,573"
873,N5,2,60,"2,034"
874,N5,3,10,"2,246"
875,N5,4,10,"3,612"
877,N6,0,30,992
878,N6,1,30,"1,345"
879,N6,2,70,"1,863"
880,N6,3,20,"2,195"
881,N6,4,10,"4,483"
883,N7,0,30,995
884,N7,1,220,"1,374"
885,N7,2,220,"1,742"
886,N7,3,100,"2,174"
887,N7,4,50,"3,217"
889,N8,0,40,909
890,N8,1,140,"1,263"
891,N8,2,200,"1,603"
892,N8,3,50,"1,994"
893,N8,4,20,"2,725"
895,N81,0,0,.
896,N81,1,0,.
897,N81,2,0,.
898,N81,3,0,.
899,N81,4,0,.
901,N9,0,10,766
902,N9,1,10,994
903,N9,2,-,..
904,N9,3,10,"1,592"
905,N9,4,10,"1,929"
907,NW1,0,120,"1,290"
908,NW1,1,370,"1,704"
909,NW1,2,390,"2,279"
910,NW1,3,220,"3,067"
911,NW1,4,130,"4,891"
913,NW10,0,40,896
914,NW10,1,120,"1,273"
915,NW10,2,250,"1,555"
916,NW10,3,110,"1,997"
917,NW10,4,90,"2,578"
919,NW11,0,30,"1,016"
920,NW11,1,60,"1,285"
921,NW11,2,110,"1,827"
922,NW11,3,60,"2,181"
923,NW11,4,40,"4,349"
925,NW1W,0,0,.
926,NW1W,1,0,.
927,NW1W,2,0,.
928,NW1W,3,0,.
929,NW1W,4,0,.
931,NW2,0,50,892
932,NW2,1,110,"1,303"
933,NW2,2,160,"1,600"
934,NW2,3,90,"1,967"
935,NW2,4,70,"2,543"
937,NW26,0,0,.
938,NW26,1,0,.
939,NW26,2,0,.
940,NW26,3,0,.
941,NW26,4,0,.
943,NW3,0,120,"1,219"
944,NW3,1,290,"1,640"
945,NW3,2,460,"2,273"
946,NW3,3,170,"3,753"
947,NW3,4,100,"8,135"
949,NW4,0,30,813
950,NW4,1,30,"1,122"
951,NW4,2,60,"1,394"
952,NW4,3,30,"2,008"
953,NW4,4,20,"2,704"
955,NW5,0,10,"1,126"
956,NW5,1,180,"1,494"
957,NW5,2,180,"1,945"
958,NW5,3,90,"2,429"
959,NW5,4,40,"3,841"
961,NW6,0,30,"1,092"
962,NW6,1,110,"1,488"
963,NW6,2,210,"1,873"
964,NW6,3,80,"2,534"
965,NW6,4,30,"3,936"
967,NW7,0,10,820
968,NW7,1,30,"1,119"
969,NW7,2,80,"1,418"
970,NW7,3,30,"1,925"
971,NW7,4,30,"2,537"
973,NW8,0,30,"1,312"
974,NW8,1,180,"1,778"
975,NW8,2,160,"2,390"
976,NW8,3,100,"3,860"
977,NW8,4,60,"7,781"
979,NW9,0,50,932
980,NW9,1,80,"1,163"
981,NW9,2,110,"1,354"
982,NW9,3,70,"1,674"
983,NW9,4,30,"2,162"
985,RM1,0,10,690
986,RM1,1,60,895
987,RM1,2,100,"1,083"
988,RM1,3,20,"1,372"
989,RM1,4,10,"1,776"
991,RM10,0,0,.
992,RM10,1,20,831
993,RM10,2,50,"1,114"
994,RM10,3,50,"1,327"
995,RM10,4,10,"1,583"
997,RM11,0,-,..
998,RM11,1,10,890
999,RM11,2,30,"1,076"
1000,RM11,3,20,"1,320"
1001,RM11,4,-,..
1003,RM12,0,-,..
1004,RM12,1,30,853
1005,RM12,2,30,"1,113"
1006,RM12,3,50,"1,353"
1007,RM12,4,10,"1,659"
1009,RM13,0,-,..
1010,RM13,1,10,788
1011,RM13,2,40,"1,014"
1012,RM13,3,50,"1,301"
1013,RM13,4,10,"1,592"
1015,RM14,0,0,.
1016,RM14,1,-,..
1017,RM14,2,40,"1,189"
1018,RM14,3,20,"1,525"
1019,RM14,4,-,..
1021,RM15,0,0,.
1022,RM15,1,0,.
1023,RM15,2,0,.
1024,RM15,3,0,.
1025,RM15,4,0,.
1027,RM2,0,-,..
1028,RM2,1,10,872
1029,RM2,2,20,"1,146"
1030,RM2,3,10,"1,461"
1031,RM2,4,-,..
1033,RM3,0,-,..
1034,RM3,1,30,864
1035,RM3,2,40,"1,116"
1036,RM3,3,40,"1,339"
1037,RM3,4,20,"1,702"
1039,RM4,0,-,..
1040,RM4,1,0,.
1041,RM4,2,0,.
1042,RM4,3,0,.
1043,RM4,4,0,.
1045,RM5,0,0,.
1046,RM5,1,10,844
1047,RM5,2,20,"1,072"
1048,RM5,3,30,"1,358"
1049,RM5,4,-,..
1051,RM50,0,0,.
1052,RM50,1,0,.
1053,RM50,2,0,.
1054,RM50,3,0,.
1055,RM50,4,0,.
1057,RM6,0,10,797
1058,RM6,1,30,865
1059,RM6,2,70,"1,117"
1060,RM6,3,50,"1,436"
1061,RM6,4,10,"1,643"
1063,RM7,0,-,..
1064,RM7,1,50,905
1065,RM7,2,50,"1,158"
1066,RM7,3,40,"1,351"
1067,RM7,4,10,"1,731"
1069,RM8,0,10,688
1070,RM8,1,30,884
1071,RM8,2,60,"1,162"
1072,RM8,3,40,"1,352"
1073,RM8,4,10,"1,546"
1075,RM9,0,-,..
1076,RM9,1,20,855
1077,RM9,2,60,"1,162"
1078,RM9,3,40,"1,398"
1079,RM9,4,-,..
1081,SE1,0,50,"1,277"
1082,SE1,1,360,"1,631"
1083,SE1,2,410,"2,012"
1084,SE1,3,100,"2,303"
1085,SE1,4,10,"4,005"
1087,SE10,0,10,967
1088,SE10,1,100,"1,388"
1089,SE10,2,160,"1,688"
1090,SE10,3,50,"2,229"
1091,SE10,4,10,"2,771"
1093,SE11,0,-,..
1094,SE11,1,30,"1,438"
1095,SE11,2,20,"1,939"
1096,SE11,3,10,"2,124"
1097,SE11,4,-,..
1099,SE12,0,0,.
1100,SE12,1,40,982
1101,SE12,2,90,"1,204"
1102,SE12,3,30,"1,556"
1103,SE12,4,10,"1,710"
1105,SE13,0,30,942
1106,SE13,1,130,"1,144"
1107,SE13,2,150,"1,379"
1108,SE13,3,40,"1,676"
1109,SE13,4,10,"2,272"
1111,SE14,0,20,883
1112,SE14,1,50,"1,075"
1113,SE14,2,50,"1,363"
1114,SE14,3,10,"1,854"
1115,SE14,4,30,"2,816"
1117,SE15,0,10,863
1118,SE15,1,110,"1,232"
1119,SE15,2,120,"1,513"
1120,SE15,3,40,"2,053"
1121,SE15,4,30,"2,649"
1123,SE16,0,10,"1,047"
1124,SE16,1,150,"1,380"
1125,SE16,2,240,"1,719"
1126,SE16,3,40,"2,200"
1127,SE16,4,20,"2,843"
1129,SE17,0,30,"1,013"
1130,SE17,1,140,"1,247"
1131,SE17,2,140,"1,442"
1132,SE17,3,50,"1,783"
1133,SE17,4,30,"2,240"
1135,SE18,0,30,805
1136,SE18,1,110,"1,054"
1137,SE18,2,170,"1,254"
1138,SE18,3,60,"1,428"
1139,SE18,4,20,"1,765"
1141,SE19,0,10,839
1142,SE19,1,60,"1,021"
1143,SE19,2,80,"1,332"
1144,SE19,3,20,"1,642"
1145,SE19,4,10,"2,000"
1147,SE1P,0,0,.
1148,SE1P,1,0,.
1149,SE1P,2,0,.
1150,SE1P,3,0,.
1151,SE1P,4,0,.
1153,SE2,0,-,..
1154,SE2,1,30,789
1155,SE2,2,30,"1,072"
1156,SE2,3,60,"1,285"
1157,SE2,4,10,"1,355"
1159,SE20,0,20,844
1160,SE20,1,80,947
1161,SE20,2,70,"1,234"
1162,SE20,3,20,"1,424"
1163,SE20,4,10,"1,980"
1165,SE21,0,10,845
1166,SE21,1,20,"1,183"
1167,SE21,2,100,"1,362"
1168,SE21,3,30,"1,990"
1169,SE21,4,20,"2,853"
1171,SE22,0,10,956
1172,SE22,1,100,"1,238"
1173,SE22,2,150,"1,569"
1174,SE22,3,50,"1,957"
1175,SE22,4,20,"2,965"
1177,SE23,0,30,766
1178,SE23,1,70,"1,057"
1179,SE23,2,100,"1,339"
1180,SE23,3,30,"1,703"
1181,SE23,4,20,"2,345"
1183,SE24,0,10,809
1184,SE24,1,30,"1,246"
1185,SE24,2,60,"1,576"
1186,SE24,3,20,"2,219"
1187,SE24,4,10,"2,902"
1189,SE25,0,20,728
1190,SE25,1,80,904
1191,SE25,2,70,"1,176"
1192,SE25,3,20,"1,415"
1193,SE25,4,-,..
1195,SE26,0,10,866
1196,SE26,1,50,"1,039"
1197,SE26,2,120,"1,242"
1198,SE26,3,30,"1,554"
1199,SE26,4,10,"2,125"
1201,SE27,0,20,664
1202,SE27,1,30,"1,080"
1203,SE27,2,30,"1,357"
1204,SE27,3,10,"1,798"
1205,SE27,4,10,"2,408"
1207,SE28,0,-,..
1208,SE28,1,10,885
1209,SE28,2,40,"1,155"
1210,SE28,3,20,"1,292"
1211,SE28,4,-,..
1213,SE3,0,10,945
1214,SE3,1,60,"1,238"
1215,SE3,2,90,"1,491"
1216,SE3,3,60,"1,808"
1217,SE3,4,10,"2,443"
1219,SE4,0,10,807
1220,SE4,1,60,"1,093"
1221,SE4,2,80,"1,347"
1222,SE4,3,30,"1,754"
1223,SE4,4,10,"2,243"
1225,SE5,0,-,..
1226,SE5,1,70,"1,260"
1227,SE5,2,90,"1,507"
1228,SE5,3,30,"1,980"
1229,SE5,4,10,"2,748"
1231,SE6,0,20,712
1232,SE6,1,70,984
1233,SE6,2,110,"1,225"
1234,SE6,3,50,"1,501"
1235,SE6,4,20,"1,934"
1237,SE7,0,0,.
1238,SE7,1,10,"1,028"
1239,SE7,2,20,"1,275"
1240,SE7,3,20,"1,612"
1241,SE7,4,10,"2,083"
1243,SE8,0,20,961
1244,SE8,1,70,"1,193"
1245,SE8,2,80,"1,499"
1246,SE8,3,20,"1,872"
1247,SE8,4,10,"1,808"
1249,SE9,0,10,894
1250,SE9,1,50,988
1251,SE9,2,60,"1,210"
1252,SE9,3,60,"1,500"
1253,SE9,4,20,"1,724"
1255,SE99,0,0,.
1256,SE99,1,0,.
1257,SE99,2,0,.
1258,SE99,3,0,.
1259,SE99,4,0,.
1261,SM1,0,20,760
1262,SM1,1,80,934
1263,SM1,2,110,"1,161"
1264,SM1,3,40,"1,446"
1265,SM1,4,20,"1,809"
1267,SM2,0,20,770
1268,SM2,1,160,925
1269,SM2,2,150,"1,183"
1270,SM2,3,10,"1,547"
1271,SM2,4,10,"2,205"
1273,SM3,0,-,..
1274,SM3,1,10,906
1275,SM3,2,20,"1,173"
1276,SM3,3,20,"1,523"
1277,SM3,4,10,"1,786"
1279,SM4,0,-,..
1280,SM4,1,10,"1,013"
1281,SM4,2,40,"1,262"
1282,SM4,3,20,"1,543"
1283,SM4,4,10,"1,713"
1285,SM5,0,0,.
1286,SM5,1,20,911
1287,SM5,2,30,"1,176"
1288,SM5,3,10,"1,479"
1289,SM5,4,10,"1,700"
1291,SM6,0,10,684
1292,SM6,1,20,894
1293,SM6,2,50,"1,136"
1294,SM6,3,10,"1,476"
1295,SM6,4,10,"1,835"
1297,SM7,0,0,.
1298,SM7,1,0,.
1299,SM7,2,0,.
1300,SM7,3,0,.
1301,SM7,4,0,.
1303,SW10,0,10,"1,438"
1304,SW10,1,80,"1,901"
1305,SW10,2,80,"2,565"
1306,SW10,3,20,"4,325"
1307,SW10,4,10,"6,783"
1309,SW11,0,30,"1,244"
1310,SW11,1,270,"1,476"
1311,SW11,2,400,"1,968"
1312,SW11,3,140,"2,482"
1313,SW11,4,90,"3,799"
1315,SW12,0,10,"1,112"
1316,SW12,1,60,"1,428"
1317,SW12,2,130,"1,904"
1318,SW12,3,40,"2,403"
1319,SW12,4,30,"3,365"
1321,SW13,0,10,"1,146"
1322,SW13,1,80,"1,376"
1323,SW13,2,140,"1,851"
1324,SW13,3,80,"2,483"
1325,SW13,4,40,"4,592"
1327,SW14,0,10,"1,162"
1328,SW14,1,90,"1,281"
1329,SW14,2,230,"1,642"
1330,SW14,3,110,"2,315"
1331,SW14,4,90,"3,696"
1333,SW15,0,30,"1,053"
1334,SW15,1,180,"1,394"
1335,SW15,2,310,"1,742"
1336,SW15,3,90,"2,182"
1337,SW15,4,70,"3,391"
1339,SW16,0,20,798
1340,SW16,1,120,"1,096"
1341,SW16,2,110,"1,350"
1342,SW16,3,70,"1,605"
1343,SW16,4,50,"2,161"
1345,SW17,0,60,967
1346,SW17,1,150,"1,291"
1347,SW17,2,210,"1,528"
1348,SW17,3,110,"1,986"
1349,SW17,4,90,"2,601"
1351,SW18,0,-,..
1352,SW18,1,120,"1,418"
1353,SW18,2,240,"1,695"
1354,SW18,3,80,"2,295"
1355,SW18,4,50,"3,136"
1357,SW19,0,30,977
1358,SW19,1,280,"1,257"
1359,SW19,2,380,"1,577"
1360,SW19,3,100,"2,049"
1361,SW19,4,80,"2,832"
1363,SW1A,0,0,.
1364,SW1A,1,-,..
1365,SW1A,2,-,..
1366,SW1A,3,-,..
1367,SW1A,4,0,.
1369,SW1E,0,-,..
1370,SW1E,1,-,..
1371,SW1E,2,10,"4,639"
1372,SW1E,3,-,..
1373,SW1E,4,0,.
1375,SW1H,0,0,.
1376,SW1H,1,-,..
1377,SW1H,2,-,..
1378,SW1H,3,-,..
1379,SW1H,4,0,.
1381,SW1P,0,10,"1,401"
1382,SW1P,1,50,"2,002"
1383,SW1P,2,80,"2,595"
1384,SW1P,3,20,"3,766"
1385,SW1P,4,-,..
1387,SW1V,0,20,"1,456"
1388,SW1V,1,100,"1,771"
1389,SW1V,2,90,"2,364"
1390,SW1V,3,20,"3,208"
1391,SW1V,4,10,"5,370"
1393,SW1W,0,10,"1,692"
1394,SW1W,1,60,"2,137"
1395,SW1W,2,60,"3,488"
1396,SW1W,3,20,"7,067"
1397,SW1W,4,10,"9,799"
1399,SW1X,0,-,..
1400,SW1X,1,30,"3,322"
1401,SW1X,2,50,"4,521"
1402,SW1X,3,20,"7,753"
1403,SW1X,4,20,"12,029"
1405,SW1Y,0,0,.
1406,SW1Y,1,-,..
1407,SW1Y,2,20,"7,105"
1408,SW1Y,3,-,..
1409,SW1Y,4,0,.
1411,SW2,0,10,844
1412,SW2,1,70,"1,257"
1413,SW2,2,90,"1,550"
1414,SW2,3,30,"2,148"
1415,SW2,4,20,"2,872"
1417,SW20,0,10,918
1418,SW20,1,70,"1,243"
1419,SW20,2,90,"1,433"
1420,SW20,3,40,"1,918"
1421,SW20,4,40,"2,939"
1423,SW3,0,100,"1,407"
1424,SW3,1,260,"2,035"
1425,SW3,2,230,"3,334"
1426,SW3,3,70,"5,060"
1427,SW3,4,40,"10,343"
1429,SW4,0,10,"1,148"
1430,SW4,1,90,"1,511"
1431,SW4,2,130,"1,874"
1432,SW4,3,40,"2,456"
1433,SW4,4,20,"3,796"
1435,SW5,0,20,"1,506"
1436,SW5,1,60,"1,946"
1437,SW5,2,100,"2,697"
1438,SW5,3,30,"3,797"
1439,SW5,4,10,"6,129"
1441,SW6,0,10,"1,132"
1442,SW6,1,170,"1,471"
1443,SW6,2,140,"1,948"
1444,SW6,3,50,"2,848"
1445,SW6,4,50,"4,421"
1447,SW7,0,10,"1,464"
1448,SW7,1,90,"2,362"
1449,SW7,2,140,"3,610"
1450,SW7,3,60,"5,781"
1451,SW7,4,30,"9,859"
1453,SW8,0,-,..
1454,SW8,1,70,"1,515"
1455,SW8,2,100,"2,104"
1456,SW8,3,40,"3,074"
1457,SW8,4,10,"3,062"
1459,SW9,0,20,"1,067"
1460,SW9,1,30,"1,423"
1461,SW9,2,40,"1,682"
1462,SW9,3,30,"2,288"
1463,SW9,4,10,"2,816"
1465,SW95,0,0,.
1466,SW95,1,0,.
1467,SW95,2,0,.
1468,SW95,3,0,.
1469,SW95,4,0,.
1471,SW99,0,0,.
1472,SW99,1,0,.
1473,SW99,2,0,.
1474,SW99,3,0,.
1475,SW99,4,0,.
1477,TN14,0,0,.
1478,TN14,1,0,.
1479,TN14,2,0,.
1480,TN14,3,0,.
1481,TN14,4,0,.
1483,TN16,0,0,.
1484,TN16,1,-,..
1485,TN16,2,10,"1,274"
1486,TN16,3,10,"1,492"
1487,TN16,4,-,..
1489,TW1,0,10,854
1490,TW1,1,60,"1,216"
1491,TW1,2,100,"1,728"
1492,TW1,3,30,"2,084"
1493,TW1,4,10,"4,614"
1495,TW10,0,-,..
1496,TW10,1,40,"1,293"
1497,TW10,2,100,"1,752"
1498,TW10,3,40,"2,411"
1499,TW10,4,30,"3,994"
1501,TW11,0,-,..
1502,TW11,1,60,"1,135"
1503,TW11,2,80,"1,440"
1504,TW11,3,20,"1,925"
1505,TW11,4,10,"3,157"
1507,TW12,0,-,..
1508,TW12,1,30,976
1509,TW12,2,40,"1,335"
1510,TW12,3,10,"1,680"
1511,TW12,4,-,..
1513,TW13,0,10,736
1514,TW13,1,50,935
1515,TW13,2,90,"1,189"
1516,TW13,3,50,"1,409"
1517,TW13,4,10,"1,524"
1519,TW14,0,10,785
1520,TW14,1,30,949
1521,TW14,2,40,"1,179"
1522,TW14,3,20,"1,423"
1523,TW14,4,-,..
1525,TW15,0,0,.
1526,TW15,1,0,.
1527,TW15,2,-,..
1528,TW15,3,0,.
1529,TW15,4,0,.
1531,TW19,0,0,.
1532,TW19,1,0,.
1533,TW19,2,0,.
1534,TW19,3,0,.
1535,TW19,4,0,.
1537,TW2,0,-,..
1538,TW2,1,30,"1,057"
1539,TW2,2,50,"1,341"
1540,TW2,3,60,"1,830"
1541,TW2,4,20,"2,067"
1543,TW3,0,30,782
1544,TW3,1,70,"1,054"
1545,TW3,2,100,"1,243"
1546,TW3,3,50,"1,556"
1547,TW3,4,10,"1,904"
1549,TW4,0,10,737
1550,TW4,1,30,972
1551,TW4,2,20,"1,240"
1552,TW4,3,30,"1,624"
1553,TW4,4,10,"1,880"
1555,TW5,0,20,778
1556,TW5,1,20,955
1557,TW5,2,40,"1,186"
1558,TW5,3,30,"1,592"
1559,TW5,4,10,"1,775"
1561,TW6,0,0,.
1562,TW6,1,0,.
1563,TW6,2,0,.
1564,TW6,3,0,.
1565,TW6,4,0,.
1567,TW7,0,10,772
1568,TW7,1,50,"1,107"
1569,TW7,2,80,"1,337"
1570,TW7,3,40,"1,586"
1571,TW7,4,30,"2,001"
1573,TW8,0,10,"1,019"
1574,TW8,1,110,"1,335"
1575,TW8,2,160,"1,662"
1576,TW8,3,30,"2,128"
1577,TW8,4,10,"3,320"
1579,TW9,0,20,918
1580,TW9,1,90,"1,302"
1581,TW9,2,80,"1,634"
1582,TW9,3,20,"2,408"
1583,TW9,4,20,"4,701"
1585,UB1,0,10,730
1586,UB1,1,-,..
1587,UB1,2,30,"1,260"
1588,UB1,3,20,"1,538"
1589,UB1,4,10,"1,983"
1591,UB10,0,10,738
1592,UB10,1,40,"1,009"
1593,UB10,2,60,"1,290"
1594,UB10,3,80,"1,320"
1595,UB10,4,30,"2,083"
1597,UB11,0,0,.
1598,UB11,1,0,.
1599,UB11,2,0,.
1600,UB11,3,0,.
1601,UB11,4,0,.
1603,UB18,0,0,.
1604,UB18,1,0,.
1605,UB18,2,0,.
1606,UB18,3,0,.
1607,UB18,4,0,.
1609,UB2,0,10,821
1610,UB2,1,20,972
1611,UB2,2,30,"1,261"
1612,UB2,3,20,"1,479"
1613,UB2,4,10,"1,658"
1615,UB3,0,60,809
1616,UB3,1,120,"1,050"
1617,UB3,2,60,"1,251"
1618,UB3,3,50,"1,502"
1619,UB3,4,20,"1,880"
1621,UB4,0,10,718
1622,UB4,1,20,992
1623,UB4,2,50,"1,245"
1624,UB4,3,70,"1,244"
1625,UB4,4,10,"1,829"
1627,UB5,0,-,..
1628,UB5,1,30,926
1629,UB5,2,50,"1,229"
1630,UB5,3,30,"1,515"
1631,UB5,4,10,"2,166"
1633,UB6,0,-,..
1634,UB6,1,20,"1,109"
1635,UB6,2,30,"1,304"
1636,UB6,3,30,"1,642"
1637,UB6,4,10,"1,987"
1639,UB7,0,20,704
1640,UB7,1,60,"1,004"
1641,UB7,2,70,"1,218"
1642,UB7,3,40,"1,431"
1643,UB7,4,10,"1,899"
1645,UB8,0,20,707
1646,UB8,1,70,981
1647,UB8,2,70,"1,233"
1648,UB8,3,30,"1,473"
1649,UB8,4,50,"2,097"
1651,UB9,0,0,.
1652,UB9,1,-,..
1653,UB9,2,10,"1,429"
1654,UB9,3,-,..
1655,UB9,4,0,.
1657,W1,0,0,.
1658,W1,1,0,.
1659,W1,2,0,.
1660,W1,3,0,.
1661,W1,4,0,.
1663,W10,0,10,"1,175"
1664,W10,1,40,"1,728"
1665,W10,2,30,"1,873"
1666,W10,3,20,"3,101"
1667,W10,4,10,"4,318"
1669,W11,0,10,"1,484"
1670,W11,1,60,"2,020"
1671,W11,2,80,"2,612"
1672,W11,3,20,"4,184"
1673,W11,4,-,..
1675,W12,0,-,..
1676,W12,1,80,"1,293"
1677,W12,2,60,"1,688"
1678,W12,3,10,"2,247"
1679,W12,4,10,"2,942"
1681,W13,0,40,916
1682,W13,1,160,"1,236"
1683,W13,2,190,"1,395"
1684,W13,3,30,"1,966"
1685,W13,4,20,"2,512"
1687,W14,0,30,"1,153"
1688,W14,1,100,"1,488"
1689,W14,2,80,"2,085"
1690,W14,3,30,"2,754"
1691,W14,4,20,"5,295"
1693,W1A,0,0,.
1694,W1A,1,0,.
1695,W1A,2,0,.
1696,W1A,3,0,.
1697,W1A,4,0,.
1699,W1B,0,0,.
1700,W1B,1,-,..
1701,W1B,2,0,.
1702,W1B,3,-,..
1703,W1B,4,0,.
1705,W1C,0,0,.
1706,W1C,1,0,.
1707,W1C,2,0,.
1708,W1C,3,0,.
1709,W1C,4,0,.
1711,W1D,0,-,..
1712,W1D,1,10,"2,753"
1713,W1D,2,10,"6,005"
1714,W1D,3,-,..
1715,W1D,4,0,.
1717,W1F,0,0,.
1718,W1F,1,-,..
1719,W1F,2,0,.
1720,W1F,3,0,.
1721,W1F,4,0,.
1723,W1G,0,0,.
1724,W1G,1,10,"2,483"
1725,W1G,2,-,..
1726,W1G,3,-,..
1727,W1G,4,0,.
1729,W1H,0,30,"1,543"
1730,W1H,1,100,"2,309"
1731,W1H,2,110,"3,454"
1732,W1H,3,30,"4,158"
1733,W1H,4,-,..
1735,W1J,0,-,..
1736,W1J,1,30,"3,018"
1737,W1J,2,10,"3,908"
1738,W1J,3,-,..
1739,W1J,4,0,.
1741,W1K,0,-,..
1742,W1K,1,20,"3,919"
1743,W1K,2,30,"5,723"
1744,W1K,3,20,"13,700"
1745,W1K,4,10,"20,518"
1747,W1M,0,0,.
1748,W1M,1,0,.
1749,W1M,2,0,.
1750,W1M,3,0,.
1751,W1M,4,0,.
1753,W1N,0,0,.
1754,W1N,1,0,.
1755,W1N,2,0,.
1756,W1N,3,0,.
1757,W1N,4,0,.
1759,W1P,0,0,.
1760,W1P,1,0,.
1761,W1P,2,0,.
1762,W1P,3,0,.
1763,W1P,4,0,.
1765,W1R,0,0,.
1766,W1R,1,0,.
1767,W1R,2,0,.
1768,W1R,3,0,.
1769,W1R,4,0,.
1771,W1S,0,0,.
1772,W1S,1,-,..
1773,W1S,2,-,..
1774,W1S,3,0,.
1775,W1S,4,0,.
1777,W1T,0,-,..
1778,W1T,1,10,"1,871"
1779,W1T,2,10,"2,773"
1780,W1T,3,-,..
1781,W1T,4,-,..
1783,W1U,0,20,"1,780"
1784,W1U,1,80,"2,509"
1785,W1U,2,80,"3,312"
1786,W1U,3,30,"4,869"
1787,W1U,4,10,"6,821"
1789,W1V,0,0,.
1790,W1V,1,0,.
1791,W1V,2,0,.
1792,W1V,3,0,.
1793,W1V,4,0,.
1795,W1W,0,-,..
1796,W1W,1,10,"3,110"
1797,W1W,2,20,"3,839"
1798,W1W,3,10,"6,362"
1799,W1W,4,-,..
1801,W1X,0,0,.
1802,W1X,1,0,.
1803,W1X,2,0,.
1804,W1X,3,0,.
1805,W1X,4,0,.
1807,W1Y,0,0,.
1808,W1Y,1,0,.
1809,W1Y,2,0,.
1810,W1Y,3,0,.
1811,W1Y,4,0,.
1813,W2,0,80,"1,160"
1814,W2,1,180,"2,047"
1815,W2,2,200,"2,783"
1816,W2,3,90,"4,463"
1817,W2,4,20,"5,415"
1819,W3,0,10,981
1820,W3,1,30,"1,287"
1821,W3,2,50,"1,590"
1822,W3,3,20,"2,237"
1823,W3,4,20,"2,474"
1825,W4,0,10,944
1826,W4,1,90,"1,418"
1827,W4,2,140,"1,726"
1828,W4,3,50,"2,321"
1829,W4,4,40,"4,447"
1831,W5,0,70,931
1832,W5,1,230,"1,264"
1833,W5,2,310,"1,580"
1834,W5,3,100,"2,050"
1835,W5,4,70,"2,789"
1837,W6,0,20,"1,070"
1838,W6,1,60,"1,570"
1839,W6,2,70,"2,618"
1840,W6,3,40,"3,357"
1841,W6,4,10,"3,670"
1843,W7,0,10,790
1844,W7,1,30,"1,136"
1845,W7,2,40,"1,361"
1846,W7,3,10,"1,635"
1847,W7,4,10,"2,106"
1849,W8,0,30,"1,308"
1850,W8,1,130,"2,258"
1851,W8,2,210,"3,662"
1852,W8,3,50,"5,683"
1853,W8,4,30,"10,090"
1855,W9,0,30,"1,158"
1856,W9,1,150,"1,625"
1857,W9,2,200,"2,055"
1858,W9,3,100,"2,876"
1859,W9,4,20,"4,744"
1861,WC1A,0,-,..
1862,WC1A,1,10,"2,128"
1863,WC1A,2,10,"2,621"
1864,WC1A,3,-,..
1865,WC1A,4,0,.
1867,WC1B,0,0,.
1868,WC1B,1,20,"2,120"
1869,WC1B,2,10,"2,716"
1870,WC1B,3,10,"3,964"
1871,WC1B,4,0,.
1873,WC1E,0,10,"1,439"
1874,WC1E,1,30,"2,061"
1875,WC1E,2,60,"2,557"
1876,WC1E,3,10,"3,909"
1877,WC1E,4,0,.
1879,WC1H,0,10,"1,418"
1880,WC1H,1,-,..
1881,WC1H,2,10,"2,176"
1882,WC1H,3,-,..
1883,WC1H,4,10,"3,250"
1885,WC1N,0,10,"1,384"
1886,WC1N,1,-,..
1887,WC1N,2,-,..
1888,WC1N,3,-,..
1889,WC1N,4,-,..
1891,WC1R,0,0,.
1892,WC1R,1,-,..
1893,WC1R,2,10,"2,134"
1894,WC1R,3,0,.
1895,WC1R,4,0,.
1897,WC1V,0,0,.
1898,WC1V,1,-,..
1899,WC1V,2,0,.
1900,WC1V,3,0,.
1901,WC1V,4,0,.
1903,WC1X,0,-,..
1904,WC1X,1,20,"1,580"
1905,WC1X,2,20,"2,408"
1906,WC1X,3,-,..
1907,WC1X,4,10,"3,623"
1909,WC2A,0,0,.
1910,WC2A,1,-,..
1911,WC2A,2,-,..
1912,WC2A,3,0,.
1913,WC2A,4,0,.
1915,WC2B,0,-,..
1916,WC2B,1,0,.
1917,WC2B,2,-,..
1918,WC2B,3,0,.
1919,WC2B,4,0,.
1921,WC2E,0,0,.
1922,WC2E,1,0,.
1923,WC2E,2,0,.
1924,WC2E,3,0,.
1925,WC2E,4,0,.
1927,WC2H,0,-,..
1928,WC2H,1,-,..
1929,WC2H,2,-,..
1930,WC2H,3,0,.
1931,WC2H,4,0,.
1933,WC2N,0,0,.
1934,WC2N,1,0,.
1935,WC2N,2,-,..
1936,WC2N,3,0,.
1937,WC2N,4,0,.
1939,WC2R,0,0,.
1940,WC2R,1,-,..
1941,WC2R,2,-,..
1942,WC2R,3,0,.
1943,WC2R,4,0,.
1945,WC99,0,0,.
1946,WC99,1,0,.
1947,WC99,2,0,.
1948,WC99,3,0,.
1949,WC99,4,0,.
1951,WD2,0,0,.
1952,WD2,1,0,.
1953,WD2,2,0,.
1954,WD2,3,0,.
1955,WD2,4,0,.
1957,WD23,0,0,.
1958,WD23,1,0,.
1959,WD23,2,0,.
1960,WD23,3,0,.
1961,WD23,4,0,.
1963,WD3,0,0,.
1964,WD3,1,0,.
1965,WD3,2,-,..
1966,WD3,3,0,.
1967,WD3,4,0,.
1969,WD6,0,0,.
1970,WD6,1,0,.
1971,WD6,2,0,.
1972,WD6,3,0,.
1973,WD6,4,0,.
